{
    "max_depth": 9,
    "learning_rate": 0.09509328558117011,
    "subsample": 0.8600605837006946,
    "n_estimators": 278
}