{
    "max_depth": 5,
    "learning_rate": 0.08511641376859827,
    "subsample": 0.9043929052232605,
    "n_estimators": 278
}